<application>
  <component name="Translation.Cache">
    <option name="lastTrimTime" value="1678043655721" />
  </component>
  <component name="Translation.Settings">
    <option name="primaryLanguage" value="ENGLISH" />
    <option name="targetLanguageSelection" value="LAST" />
  </component>
  <component name="Translation.States">
    <histories>
      <item value="Press the green button in the gutter to run the script." />
      <item value="Press Ctrl+F8 to toggle the breakpoint." />
      <item value="Use a breakpoint in the code line below to debug your script." />
      <item value="Press Shift+F10 to execute it or replace it with your code." />
      <item value="This is a sample Python script." />
    </histories>
    <option name="languageScores">
      <map>
        <entry key="ENGLISH" value="7" />
        <entry key="THAI" value="6" />
      </map>
    </option>
  </component>
</application>